Location,Scan_ID,MAC_Address,RSSI,SSID,Timestamp
GBlock_1F_Washroom,0,84:d4:7e:e6:24:c0,-56,airuc-guest,13:02:27
GBlock_1F_Washroom,0,84:d4:7e:e6:24:c1,-55,airuc-secure,13:02:27
GBlock_1F_Washroom,0,84:d4:7e:f2:fd:c0,-76,airuc-guest,13:02:27
GBlock_1F_Washroom,0,84:d4:7e:f2:fd:c1,-74,airuc-secure,13:02:27
GBlock_1F_Washroom,0,84:d4:7e:f2:fd:c2,-75,eduroam,13:02:27
GBlock_1F_Washroom,0,84:d4:7e:ef:35:41,-75,airuc-secure,13:02:27
GBlock_1F_Washroom,0,00:06:66:9c:53:09,-66,WiFly-EZX-09,13:02:27
GBlock_1F_Washroom,0,84:d4:7e:e6:24:c2,-54,eduroam,13:02:28
GBlock_1F_Washroom,0,84:d4:7e:f3:00:82,-80,eduroam,13:02:28
GBlock_1F_Washroom,0,84:d4:7e:ef:35:40,-76,airuc-guest,13:02:28
GBlock_1F_Washroom,0,84:d4:7e:ef:35:42,-75,eduroam,13:02:28
GBlock_1F_Washroom,0,84:d4:7e:e6:73:e1,-79,airuc-secure,13:02:28
GBlock_1F_Washroom,0,84:d4:7e:e6:73:e2,-80,eduroam,13:02:28
GBlock_1F_Washroom,0,84:d4:7e:e6:78:20,-79,airuc-guest,13:02:28
GBlock_1F_Washroom,0,84:d4:7e:e6:78:21,-80,airuc-secure,13:02:28
GBlock_1F_Washroom,0,84:d4:7e:e6:78:22,-80,eduroam,13:02:28
GBlock_1F_Washroom,0,e4:c3:2a:85:e7:5b,-77,Ponnurangam-Fiaxell,13:02:28
GBlock_1F_Washroom,0,04:bd:88:27:4a:41,-80,airuc-secure,13:02:28
GBlock_1F_Washroom,0,04:bd:88:27:4a:42,-81,eduroam,13:02:28
GBlock_1F_Washroom,0,04:bd:88:27:4f:22,-83,eduroam,13:02:28
GBlock_1F_Washroom,0,84:d4:7e:e6:e8:41,-80,airuc-secure,13:02:28
GBlock_1F_Washroom,0,ea:c3:2a:85:e7:5b,-79,Unknown,13:02:30
GBlock_1F_Washroom,1,84:d4:7e:e6:24:c0,-60,airuc-guest,13:02:39
GBlock_1F_Washroom,1,84:d4:7e:e6:24:c1,-58,airuc-secure,13:02:39
GBlock_1F_Washroom,1,84:d4:7e:e6:24:c2,-59,eduroam,13:02:39
GBlock_1F_Washroom,1,84:d4:7e:f3:00:80,-76,airuc-guest,13:02:39
GBlock_1F_Washroom,1,84:d4:7e:f2:fd:c0,-63,airuc-guest,13:02:39
GBlock_1F_Washroom,1,84:d4:7e:f2:fd:c1,-64,airuc-secure,13:02:39
GBlock_1F_Washroom,1,84:d4:7e:f2:fd:c2,-64,eduroam,13:02:39
GBlock_1F_Washroom,1,00:06:66:9c:53:09,-57,WiFly-EZX-09,13:02:39
GBlock_1F_Washroom,1,84:d4:7e:e6:f0:a0,-82,airuc-guest,13:02:39
GBlock_1F_Washroom,1,84:d4:7e:e6:f0:a1,-80,airuc-secure,13:02:39
GBlock_1F_Washroom,1,84:d4:7e:e6:24:02,-82,eduroam,13:02:39
GBlock_1F_Washroom,1,84:d4:7e:e6:73:e2,-81,eduroam,13:02:39
GBlock_1F_Washroom,1,e4:c3:2a:85:e7:5b,-80,Ponnurangam-Fiaxell,13:02:39
GBlock_1F_Washroom,1,84:d4:7e:ee:94:00,-85,airuc-guest,13:02:39
GBlock_1F_Washroom,2,84:d4:7e:e6:24:c0,-58,airuc-guest,13:02:50
GBlock_1F_Washroom,2,84:d4:7e:e6:24:c1,-58,airuc-secure,13:02:51
GBlock_1F_Washroom,2,84:d4:7e:e6:24:c2,-58,eduroam,13:02:51
GBlock_1F_Washroom,2,84:d4:7e:f2:fd:c0,-62,airuc-guest,13:02:51
GBlock_1F_Washroom,2,84:d4:7e:f2:fd:c1,-62,airuc-secure,13:02:51
GBlock_1F_Washroom,2,84:d4:7e:f2:fd:c2,-62,eduroam,13:02:51
GBlock_1F_Washroom,2,00:06:66:9c:53:09,-58,WiFly-EZX-09,13:02:51
GBlock_1F_Washroom,2,84:d4:7e:e6:78:21,-83,airuc-secure,13:02:51
GBlock_1F_Washroom,2,a8:5e:45:dc:fd:80,-79,eng24,13:02:51
GBlock_1F_Washroom,2,04:bd:88:27:4a:41,-80,airuc-secure,13:02:51
GBlock_1F_Washroom,2,04:bd:88:27:4a:40,-82,airuc-guest,13:02:51
GBlock_1F_Washroom,2,ea:c3:2a:85:e7:5b,-78,Unknown,13:02:52
GBlock_1F_Washroom,3,84:d4:7e:e6:24:c0,-55,airuc-guest,13:03:00
GBlock_1F_Washroom,3,84:d4:7e:e6:24:c1,-57,airuc-secure,13:03:00
GBlock_1F_Washroom,3,84:d4:7e:e6:24:c2,-55,eduroam,13:03:00
GBlock_1F_Washroom,3,00:06:66:9c:53:09,-55,WiFly-EZX-09,13:03:01
GBlock_1F_Washroom,3,84:d4:7e:f2:fc:60,-82,airuc-guest,13:03:01
GBlock_1F_Washroom,3,84:d4:7e:f2:fd:c0,-61,airuc-guest,13:03:01
GBlock_1F_Washroom,3,84:d4:7e:f2:fd:c1,-61,airuc-secure,13:03:01
GBlock_1F_Washroom,3,84:d4:7e:f2:fd:c2,-62,eduroam,13:03:01
GBlock_1F_Washroom,3,a8:5e:45:dc:fd:80,-77,eng24,13:03:01
GBlock_1F_Washroom,3,e4:c3:2a:85:e7:5b,-77,Ponnurangam-Fiaxell,13:03:01
GBlock_1F_Washroom,3,04:bd:88:27:4a:40,-80,airuc-guest,13:03:01
GBlock_1F_Washroom,3,04:bd:88:27:4a:41,-79,airuc-secure,13:03:01
GBlock_1F_Washroom,3,04:bd:88:27:4a:42,-78,eduroam,13:03:01
GBlock_1F_Washroom,3,ea:c3:2a:85:e7:5b,-77,Unknown,13:03:02
GBlock_1F_Washroom,4,84:d4:7e:e6:24:c0,-59,airuc-guest,13:03:09
GBlock_1F_Washroom,4,84:d4:7e:e6:24:c1,-58,airuc-secure,13:03:09
GBlock_1F_Washroom,4,84:d4:7e:e6:24:c2,-58,eduroam,13:03:09
GBlock_1F_Washroom,4,84:d4:7e:f2:fd:c0,-71,airuc-guest,13:03:09
GBlock_1F_Washroom,4,84:d4:7e:f2:fd:c1,-72,airuc-secure,13:03:09
GBlock_1F_Washroom,4,84:d4:7e:f2:fd:c2,-72,eduroam,13:03:09
GBlock_1F_Washroom,4,84:d4:7e:e6:73:e0,-83,airuc-guest,13:03:09
GBlock_1F_Washroom,4,a8:5e:45:dc:fd:80,-81,eng24,13:03:09
GBlock_1F_Washroom,4,84:d4:7e:e6:e8:40,-83,airuc-guest,13:03:09
GBlock_1F_Washroom,4,04:bd:88:27:4a:40,-80,airuc-guest,13:03:10
GBlock_1F_Washroom,5,84:d4:7e:e6:24:c0,-59,airuc-guest,13:03:18
GBlock_1F_Washroom,5,84:d4:7e:e6:24:c1,-59,airuc-secure,13:03:18
GBlock_1F_Washroom,5,84:d4:7e:e6:24:c2,-58,eduroam,13:03:18
GBlock_1F_Washroom,5,84:d4:7e:f2:fd:c0,-65,airuc-guest,13:03:18
GBlock_1F_Washroom,5,84:d4:7e:f2:fd:c1,-65,airuc-secure,13:03:18
GBlock_1F_Washroom,5,84:d4:7e:f2:fd:c2,-65,eduroam,13:03:18
GBlock_1F_Washroom,5,84:d4:7e:f2:f1:c2,-87,eduroam,13:03:18
GBlock_1F_Washroom,5,04:bd:88:27:4a:41,-82,airuc-secure,13:03:18
GBlock_1F_Washroom,5,04:bd:88:27:4a:42,-82,eduroam,13:03:19
GBlock_1F_Washroom,5,04:bd:88:27:4a:40,-83,airuc-guest,13:03:19
GBlock_1F_Washroom,6,84:d4:7e:e6:24:c0,-57,airuc-guest,13:03:26
GBlock_1F_Washroom,6,84:d4:7e:e6:24:c1,-58,airuc-secure,13:03:26
GBlock_1F_Washroom,6,84:d4:7e:e6:24:c2,-57,eduroam,13:03:26
GBlock_1F_Washroom,6,84:d4:7e:f3:00:82,-80,eduroam,13:03:26
GBlock_1F_Washroom,6,84:d4:7e:f2:fd:c0,-64,airuc-guest,13:03:26
GBlock_1F_Washroom,6,84:d4:7e:f2:fd:c1,-64,airuc-secure,13:03:26
GBlock_1F_Washroom,6,84:d4:7e:f2:fd:c2,-63,eduroam,13:03:26
GBlock_1F_Washroom,6,84:d4:7e:e6:83:e2,-82,eduroam,13:03:26
GBlock_1F_Washroom,6,00:06:66:9c:53:09,-63,WiFly-EZX-09,13:03:26
GBlock_1F_Washroom,6,84:d4:7e:f2:fc:61,-85,airuc-secure,13:03:26
GBlock_1F_Washroom,6,84:d4:7e:e6:77:42,-82,eduroam,13:03:26
GBlock_1F_Washroom,6,84:d4:7e:e6:24:02,-82,eduroam,13:03:27
GBlock_1F_Washroom,6,04:bd:88:27:4a:40,-79,airuc-guest,13:03:27
GBlock_1F_Washroom,6,04:bd:88:27:4a:42,-80,eduroam,13:03:27
GBlock_1F_Washroom,6,04:bd:88:27:4f:20,-86,airuc-guest,13:03:27
GBlock_1F_Washroom,6,84:d4:7e:ee:94:02,-85,eduroam,13:03:27
GBlock_1F_Washroom,6,04:bd:88:27:4a:41,-79,airuc-secure,13:03:27
GBlock_1F_Washroom,7,84:d4:7e:e6:24:c0,-60,airuc-guest,13:03:34
GBlock_1F_Washroom,7,84:d4:7e:f2:fd:c0,-66,airuc-guest,13:03:34
GBlock_1F_Washroom,7,84:d4:7e:f2:fd:c1,-66,airuc-secure,13:03:35
GBlock_1F_Washroom,7,84:d4:7e:f2:fd:c2,-65,eduroam,13:03:35
GBlock_1F_Washroom,7,84:d4:7e:e6:24:c1,-60,airuc-secure,13:03:35
GBlock_1F_Washroom,7,84:d4:7e:e6:24:c2,-59,eduroam,13:03:35
GBlock_1F_Washroom,7,84:d4:7e:e6:83:e2,-81,eduroam,13:03:35
GBlock_1F_Washroom,7,00:06:66:9c:53:09,-65,WiFly-EZX-09,13:03:35
GBlock_1F_Washroom,7,84:d4:7e:ef:35:41,-80,airuc-secure,13:03:35
GBlock_1F_Washroom,7,84:d4:7e:e6:73:e2,-83,eduroam,13:03:35
GBlock_1F_Washroom,7,e4:c3:2a:85:e7:5b,-79,Ponnurangam-Fiaxell,13:03:35
GBlock_1F_Washroom,7,04:bd:88:27:4a:42,-79,eduroam,13:03:35
GBlock_1F_Washroom,7,04:bd:88:27:4a:40,-80,airuc-guest,13:03:35
GBlock_1F_Washroom,7,ea:c3:2a:85:e7:5b,-78,Unknown,13:03:36
GBlock_1F_Washroom,8,84:d4:7e:f2:fd:c0,-63,airuc-guest,13:03:43
GBlock_1F_Washroom,8,84:d4:7e:f2:fd:c1,-65,airuc-secure,13:03:43
GBlock_1F_Washroom,8,84:d4:7e:f2:fd:c2,-65,eduroam,13:03:43
GBlock_1F_Washroom,8,84:d4:7e:e6:24:c1,-66,airuc-secure,13:03:43
GBlock_1F_Washroom,8,84:d4:7e:e6:24:c2,-66,eduroam,13:03:43
GBlock_1F_Washroom,8,00:06:66:9c:53:09,-63,WiFly-EZX-09,13:03:43
GBlock_1F_Washroom,8,84:d4:7e:f2:fc:61,-84,airuc-secure,13:03:43
GBlock_1F_Washroom,8,84:d4:7e:e6:24:c0,-67,airuc-guest,13:03:43
GBlock_1F_Washroom,8,84:d4:7e:f3:00:81,-81,airuc-secure,13:03:43
GBlock_1F_Washroom,8,84:d4:7e:f3:00:82,-80,eduroam,13:03:43
GBlock_1F_Washroom,8,84:d4:7e:e6:f0:a0,-89,airuc-guest,13:03:44
GBlock_1F_Washroom,8,84:d4:7e:f2:f1:c1,-82,airuc-secure,13:03:44
GBlock_1F_Washroom,8,84:d4:7e:f2:f1:c2,-83,eduroam,13:03:44
GBlock_1F_Washroom,8,a8:5e:45:dc:fd:80,-83,eng24,13:03:44
GBlock_1F_Washroom,8,04:bd:88:27:4a:41,-81,airuc-secure,13:03:44
GBlock_1F_Washroom,8,04:bd:88:27:4a:42,-81,eduroam,13:03:44
GBlock_1F_Washroom,9,84:d4:7e:e6:24:c0,-63,airuc-guest,13:03:51
GBlock_1F_Washroom,9,84:d4:7e:f2:fd:c0,-63,airuc-guest,13:03:51
GBlock_1F_Washroom,9,84:d4:7e:f2:fd:c1,-63,airuc-secure,13:03:52
GBlock_1F_Washroom,9,84:d4:7e:f2:fd:c2,-63,eduroam,13:03:52
GBlock_1F_Washroom,9,84:d4:7e:e6:24:c1,-62,airuc-secure,13:03:52
GBlock_1F_Washroom,9,84:d4:7e:e6:24:c2,-63,eduroam,13:03:52
GBlock_1F_Washroom,9,84:d4:7e:e6:83:e1,-84,airuc-secure,13:03:52
GBlock_1F_Washroom,9,00:06:66:9c:53:09,-67,WiFly-EZX-09,13:03:52
GBlock_1F_Washroom,9,04:bd:88:27:4a:40,-84,airuc-guest,13:03:52
GBlock_1F_Washroom,9,04:bd:88:27:4a:41,-83,airuc-secure,13:03:52
GBlock_1F_Washroom,9,ea:c3:2a:85:e7:5b,-80,Unknown,13:03:53
GBlock_2F_ENC201,0,84:d4:7e:ef:63:a2,-79,eduroam,13:06:23
GBlock_2F_ENC201,0,84:d4:7e:e6:f2:20,-84,airuc-guest,13:06:23
GBlock_2F_ENC201,0,84:d4:7e:e6:73:e0,-81,airuc-guest,13:06:23
GBlock_2F_ENC201,0,84:d4:7e:ef:4f:00,-67,airuc-guest,13:06:23
GBlock_2F_ENC201,0,84:d4:7e:ef:4f:01,-65,airuc-secure,13:06:23
GBlock_2F_ENC201,0,84:d4:7e:ef:4f:02,-67,eduroam,13:06:23
GBlock_2F_ENC201,0,e4:c3:2a:85:e7:5b,-78,Ponnurangam-Fiaxell,13:06:23
GBlock_2F_ENC201,0,04:bd:88:27:4f:20,-82,airuc-guest,13:06:23
GBlock_2F_ENC201,0,84:d4:7e:e6:e8:40,-77,airuc-guest,13:06:23
GBlock_2F_ENC201,0,84:d4:7e:e6:e8:41,-77,airuc-secure,13:06:23
GBlock_2F_ENC201,0,84:d4:7e:e6:e8:42,-78,eduroam,13:06:23
GBlock_2F_ENC201,0,04:bd:88:27:4f:21,-83,airuc-secure,13:06:24
GBlock_2F_ENC201,0,ea:c3:2a:85:e7:5b,-78,Unknown,13:06:24
GBlock_2F_ENC201,1,84:d4:7e:ef:4f:00,-69,airuc-guest,13:06:31
GBlock_2F_ENC201,1,84:d4:7e:ef:4f:01,-69,airuc-secure,13:06:31
GBlock_2F_ENC201,1,84:d4:7e:ef:4f:02,-69,eduroam,13:06:32
GBlock_2F_ENC201,1,84:d4:7e:e6:e8:40,-76,airuc-guest,13:06:32
GBlock_2F_ENC201,1,84:d4:7e:e6:e8:41,-75,airuc-secure,13:06:32
GBlock_2F_ENC201,1,84:d4:7e:e6:e8:42,-76,eduroam,13:06:32
GBlock_2F_ENC201,1,04:bd:88:27:4f:20,-84,airuc-guest,13:06:32
GBlock_2F_ENC201,1,04:bd:88:27:4f:21,-83,airuc-secure,13:06:32
GBlock_2F_ENC201,1,04:bd:88:27:4f:22,-84,eduroam,13:06:32
GBlock_2F_ENC201,1,ea:c3:2a:85:e7:5b,-81,Unknown,13:06:32
GBlock_2F_ENC201,2,04:bd:88:27:51:80,-82,airuc-guest,13:06:39
GBlock_2F_ENC201,2,84:d4:7e:ef:4f:00,-70,airuc-guest,13:06:39
GBlock_2F_ENC201,2,84:d4:7e:ef:4f:01,-69,airuc-secure,13:06:39
GBlock_2F_ENC201,2,84:d4:7e:ef:4f:02,-69,eduroam,13:06:39
GBlock_2F_ENC201,2,84:d4:7e:e6:78:20,-84,airuc-guest,13:06:39
GBlock_2F_ENC201,2,e4:c3:2a:85:e7:5b,-76,Ponnurangam-Fiaxell,13:06:39
GBlock_2F_ENC201,2,04:bd:88:27:4f:20,-83,airuc-guest,13:06:39
GBlock_2F_ENC201,2,84:d4:7e:e6:e8:40,-77,airuc-guest,13:06:39
GBlock_2F_ENC201,2,84:d4:7e:e6:e8:41,-75,airuc-secure,13:06:39
GBlock_2F_ENC201,2,84:d4:7e:e6:e8:42,-75,eduroam,13:06:39
GBlock_2F_ENC201,2,04:bd:88:27:4f:21,-83,airuc-secure,13:06:39
GBlock_2F_ENC201,2,ea:c3:2a:85:e7:5b,-78,Unknown,13:06:40
GBlock_2F_ENC201,3,04:bd:88:27:51:82,-81,eduroam,13:06:47
GBlock_2F_ENC201,3,84:d4:7e:e6:83:e0,-85,airuc-guest,13:06:47
GBlock_2F_ENC201,3,84:d4:7e:f2:fc:60,-86,airuc-guest,13:06:47
GBlock_2F_ENC201,3,84:d4:7e:ef:4f:00,-69,airuc-guest,13:06:47
GBlock_2F_ENC201,3,84:d4:7e:ef:4f:01,-68,airuc-secure,13:06:47
GBlock_2F_ENC201,3,84:d4:7e:ef:4f:02,-68,eduroam,13:06:47
GBlock_2F_ENC201,3,84:d4:7e:e6:78:20,-83,airuc-guest,13:06:47
GBlock_2F_ENC201,3,e4:c3:2a:85:e7:5b,-75,Ponnurangam-Fiaxell,13:06:47
GBlock_2F_ENC201,3,84:d4:7e:e6:e8:41,-75,airuc-secure,13:06:47
GBlock_2F_ENC201,3,84:d4:7e:e6:e8:42,-76,eduroam,13:06:47
GBlock_2F_ENC201,3,04:bd:88:27:4f:21,-82,airuc-secure,13:06:47
GBlock_2F_ENC201,3,84:d4:7e:e6:e8:40,-76,airuc-guest,13:06:48
GBlock_2F_ENC201,3,ea:c3:2a:85:e7:5b,-79,Unknown,13:06:48
GBlock_2F_ENC201,4,84:d4:7e:ef:63:a0,-82,airuc-guest,13:06:54
GBlock_2F_ENC201,4,84:d4:7e:ef:63:a1,-82,airuc-secure,13:06:55
GBlock_2F_ENC201,4,84:d4:7e:ef:4f:00,-76,airuc-guest,13:06:55
GBlock_2F_ENC201,4,84:d4:7e:ef:4f:01,-75,airuc-secure,13:06:55
GBlock_2F_ENC201,4,84:d4:7e:ef:4f:02,-76,eduroam,13:06:55
GBlock_2F_ENC201,4,e4:c3:2a:85:e7:5b,-84,Ponnurangam-Fiaxell,13:06:55
GBlock_2F_ENC201,4,84:d4:7e:e6:e8:42,-81,eduroam,13:06:55
GBlock_2F_ENC201,4,84:d4:7e:e6:e8:40,-81,airuc-guest,13:06:55
GBlock_2F_ENC201,4,84:d4:7e:e6:e8:41,-81,airuc-secure,13:06:55
GBlock_2F_ENC201,4,ea:c3:2a:85:e7:5b,-78,Unknown,13:06:56
GBlock_2F_ENC201,5,84:d4:7e:ef:63:a1,-82,airuc-secure,13:07:01
GBlock_2F_ENC201,5,84:d4:7e:ef:63:a2,-82,eduroam,13:07:02
GBlock_2F_ENC201,5,84:d4:7e:ef:4f:00,-75,airuc-guest,13:07:02
GBlock_2F_ENC201,5,84:d4:7e:ef:4f:01,-74,airuc-secure,13:07:02
GBlock_2F_ENC201,5,84:d4:7e:ef:4f:02,-74,eduroam,13:07:02
GBlock_2F_ENC201,5,84:d4:7e:e6:78:20,-82,airuc-guest,13:07:02
GBlock_2F_ENC201,5,e4:c3:2a:85:e7:5b,-77,Ponnurangam-Fiaxell,13:07:02
GBlock_2F_ENC201,5,ea:c3:2a:85:e7:5b,-83,Unknown,13:07:03
GBlock_2F_ENC201,6,04:bd:88:27:51:80,-83,airuc-guest,13:07:09
GBlock_2F_ENC201,6,84:d4:7e:ef:4f:00,-68,airuc-guest,13:07:09
GBlock_2F_ENC201,6,84:d4:7e:ef:4f:02,-67,eduroam,13:07:09
GBlock_2F_ENC201,6,84:d4:7e:ef:4f:01,-68,airuc-secure,13:07:09
GBlock_2F_ENC201,6,e4:c3:2a:85:e7:5b,-77,Ponnurangam-Fiaxell,13:07:09
GBlock_2F_ENC201,6,84:d4:7e:e6:e8:40,-75,airuc-guest,13:07:09
GBlock_2F_ENC201,6,84:d4:7e:e6:e8:41,-74,airuc-secure,13:07:09
GBlock_2F_ENC201,6,84:d4:7e:e6:e8:42,-74,eduroam,13:07:09
GBlock_2F_ENC201,6,04:bd:88:27:4f:20,-81,airuc-guest,13:07:10
GBlock_2F_ENC201,6,04:bd:88:27:4f:22,-83,eduroam,13:07:10
GBlock_2F_ENC201,6,04:bd:88:27:4a:40,-85,airuc-guest,13:07:10
GBlock_2F_ENC201,6,ea:c3:2a:85:e7:5b,-76,Unknown,13:07:10
GBlock_2F_ENC201,7,84:d4:7e:f2:fc:61,-84,airuc-secure,13:07:17
GBlock_2F_ENC201,7,84:d4:7e:ef:4f:00,-68,airuc-guest,13:07:17
GBlock_2F_ENC201,7,84:d4:7e:ef:4f:01,-68,airuc-secure,13:07:17
GBlock_2F_ENC201,7,84:d4:7e:ef:4f:02,-67,eduroam,13:07:17
GBlock_2F_ENC201,7,84:d4:7e:e6:78:22,-83,eduroam,13:07:17
GBlock_2F_ENC201,7,e4:c3:2a:85:e7:5b,-78,Ponnurangam-Fiaxell,13:07:17
GBlock_2F_ENC201,7,84:d4:7e:e6:e8:40,-76,airuc-guest,13:07:17
GBlock_2F_ENC201,7,84:d4:7e:e6:e8:41,-76,airuc-secure,13:07:17
GBlock_2F_ENC201,7,84:d4:7e:e6:e8:42,-77,eduroam,13:07:17
GBlock_2F_ENC201,7,04:bd:88:27:4f:22,-83,eduroam,13:07:17
GBlock_2F_ENC201,7,ea:c3:2a:85:e7:5b,-77,Unknown,13:07:18
GBlock_2F_ENC201,8,04:bd:88:27:51:80,-82,airuc-guest,13:07:25
GBlock_2F_ENC201,8,04:bd:88:27:51:81,-82,airuc-secure,13:07:25
GBlock_2F_ENC201,8,84:d4:7e:ef:4f:00,-68,airuc-guest,13:07:26
GBlock_2F_ENC201,8,84:d4:7e:ef:4f:01,-67,airuc-secure,13:07:26
GBlock_2F_ENC201,8,84:d4:7e:ef:4f:02,-67,eduroam,13:07:26
GBlock_2F_ENC201,8,84:d4:7e:e6:e8:40,-76,airuc-guest,13:07:26
GBlock_2F_ENC201,8,84:d4:7e:e6:e8:41,-76,airuc-secure,13:07:26
GBlock_2F_ENC201,8,84:d4:7e:e6:e8:42,-74,eduroam,13:07:26
GBlock_2F_ENC201,8,04:bd:88:27:4f:20,-81,airuc-guest,13:07:26
GBlock_2F_ENC201,8,04:bd:88:27:4f:21,-82,airuc-secure,13:07:26
GBlock_2F_ENC201,8,04:bd:88:27:4f:22,-83,eduroam,13:07:26
GBlock_2F_ENC201,8,ea:c3:2a:85:e7:5b,-77,Unknown,13:07:27
GBlock_2F_ENC201,9,04:bd:88:27:51:81,-85,airuc-secure,13:07:34
GBlock_2F_ENC201,9,84:d4:7e:f2:fc:61,-84,airuc-secure,13:07:34
GBlock_2F_ENC201,9,84:d4:7e:f2:fc:62,-85,eduroam,13:07:34
GBlock_2F_ENC201,9,04:bd:88:27:51:80,-83,airuc-guest,13:07:34
GBlock_2F_ENC201,9,84:d4:7e:ef:4f:00,-66,airuc-guest,13:07:34
GBlock_2F_ENC201,9,84:d4:7e:ef:4f:01,-66,airuc-secure,13:07:34
GBlock_2F_ENC201,9,84:d4:7e:ef:4f:02,-67,eduroam,13:07:34
GBlock_2F_ENC201,9,e4:c3:2a:85:e7:5b,-76,Ponnurangam-Fiaxell,13:07:34
GBlock_2F_ENC201,9,84:d4:7e:e6:e8:40,-77,airuc-guest,13:07:35
GBlock_2F_ENC201,9,84:d4:7e:e6:e8:41,-75,airuc-secure,13:07:35
GBlock_2F_ENC201,9,84:d4:7e:e6:e8:42,-76,eduroam,13:07:35
GBlock_2F_ENC201,9,04:bd:88:27:4f:20,-82,airuc-guest,13:07:35
GBlock_2F_ENC201,9,04:bd:88:27:4f:21,-82,airuc-secure,13:07:35
GBlock_2F_ENC201,9,04:bd:88:27:4f:22,-82,eduroam,13:07:35
GBlock_2F_ENC201,9,ea:c3:2a:85:e7:5b,-79,Unknown,13:07:36
GBlock_1F_DeanOffice,0,00:06:66:9c:53:09,-73,WiFly-EZX-09,12:59:05
GBlock_1F_DeanOffice,0,84:d4:7e:ef:3f:c0,-78,airuc-guest,12:59:05
GBlock_1F_DeanOffice,0,84:d4:7e:ef:3f:c1,-78,airuc-secure,12:59:05
GBlock_1F_DeanOffice,0,84:d4:7e:ef:3f:c2,-78,eduroam,12:59:05
GBlock_1F_DeanOffice,0,e4:c3:2a:85:e7:5b,-74,Ponnurangam-Fiaxell,12:59:05
GBlock_1F_DeanOffice,0,ea:c3:2a:85:e7:5b,-76,Unknown,12:59:05
GBlock_1F_DeanOffice,1,84:d4:7e:ef:3f:c0,-78,airuc-guest,12:59:12
GBlock_1F_DeanOffice,1,84:d4:7e:ef:3f:c1,-78,airuc-secure,12:59:12
GBlock_1F_DeanOffice,1,84:d4:7e:ef:3f:c2,-78,eduroam,12:59:12
GBlock_1F_DeanOffice,1,84:d4:7e:f2:f1:c0,-80,airuc-guest,12:59:12
GBlock_1F_DeanOffice,1,00:06:66:9c:53:09,-72,WiFly-EZX-09,12:59:12
GBlock_1F_DeanOffice,1,28:24:ff:94:aa:fd,-81,ClickShare-ENC113,12:59:12
GBlock_1F_DeanOffice,1,84:d4:7e:f2:f1:c2,-82,eduroam,12:59:12
GBlock_1F_DeanOffice,1,04:bd:88:27:4a:40,-83,airuc-guest,12:59:12
GBlock_1F_DeanOffice,1,04:bd:88:27:4a:41,-83,airuc-secure,12:59:12
GBlock_1F_DeanOffice,1,04:bd:88:27:4a:42,-83,eduroam,12:59:12
GBlock_1F_DeanOffice,1,ea:c3:2a:85:e7:5b,-78,Unknown,12:59:13
GBlock_1F_DeanOffice,2,84:d4:7e:ef:3f:c0,-74,airuc-guest,12:59:20
GBlock_1F_DeanOffice,2,84:d4:7e:ef:3f:c1,-74,airuc-secure,12:59:20
GBlock_1F_DeanOffice,2,84:d4:7e:ef:3f:c2,-75,eduroam,12:59:20
GBlock_1F_DeanOffice,2,28:24:ff:94:aa:fd,-81,ClickShare-ENC113,12:59:20
GBlock_1F_DeanOffice,2,84:d4:7e:ef:60:c0,-86,airuc-guest,12:59:20
GBlock_1F_DeanOffice,2,84:d4:7e:f2:f1:c0,-80,airuc-guest,12:59:20
GBlock_1F_DeanOffice,2,84:d4:7e:f2:f1:c1,-81,airuc-secure,12:59:20
GBlock_1F_DeanOffice,2,84:d4:7e:f2:f1:c2,-81,eduroam,12:59:20
GBlock_1F_DeanOffice,2,e4:c3:2a:85:e7:5b,-77,Ponnurangam-Fiaxell,12:59:20
GBlock_1F_DeanOffice,2,04:bd:88:27:4a:41,-84,airuc-secure,12:59:21
GBlock_1F_DeanOffice,2,ea:c3:2a:85:e7:5b,-77,Unknown,12:59:21
GBlock_1F_DeanOffice,3,28:24:ff:94:aa:fd,-81,ClickShare-ENC113,12:59:28
GBlock_1F_DeanOffice,3,84:d4:7e:ef:60:c2,-85,eduroam,12:59:28
GBlock_1F_DeanOffice,3,84:d4:7e:ef:3f:c0,-75,airuc-guest,12:59:28
GBlock_1F_DeanOffice,3,84:d4:7e:ef:3f:c1,-74,airuc-secure,12:59:28
GBlock_1F_DeanOffice,3,84:d4:7e:ef:3f:c2,-74,eduroam,12:59:28
GBlock_1F_DeanOffice,3,e4:c3:2a:85:e7:5b,-80,Ponnurangam-Fiaxell,12:59:28
GBlock_1F_DeanOffice,3,04:bd:88:27:4a:40,-84,airuc-guest,12:59:28
GBlock_1F_DeanOffice,3,ea:c3:2a:85:e7:5b,-79,Unknown,12:59:29
GBlock_1F_DeanOffice,4,84:d4:7e:ef:3f:c0,-76,airuc-guest,12:59:36
GBlock_1F_DeanOffice,4,84:d4:7e:ef:3f:c1,-76,airuc-secure,12:59:36
GBlock_1F_DeanOffice,4,84:d4:7e:ef:3f:c2,-76,eduroam,12:59:36
GBlock_1F_DeanOffice,4,28:24:ff:94:aa:fd,-81,ClickShare-ENC113,12:59:36
GBlock_1F_DeanOffice,4,84:d4:7e:ef:60:c0,-85,airuc-guest,12:59:36
GBlock_1F_DeanOffice,4,84:d4:7e:e6:71:e0,-86,airuc-guest,12:59:36
GBlock_1F_DeanOffice,4,e4:c3:2a:85:e7:5b,-76,Ponnurangam-Fiaxell,12:59:36
GBlock_1F_DeanOffice,4,a8:5e:45:dc:fd:80,-87,eng24,12:59:36
GBlock_1F_DeanOffice,4,04:bd:88:27:4a:40,-83,airuc-guest,12:59:36
GBlock_1F_DeanOffice,4,ea:c3:2a:85:e7:5b,-77,Unknown,12:59:37
GBlock_1F_DeanOffice,5,84:d4:7e:ef:3f:c0,-81,airuc-guest,12:59:45
GBlock_1F_DeanOffice,5,84:d4:7e:ef:3f:c2,-81,eduroam,12:59:45
GBlock_1F_DeanOffice,5,28:24:ff:94:aa:fd,-81,ClickShare-ENC113,12:59:45
GBlock_1F_DeanOffice,5,ea:c3:2a:85:e7:5b,-82,Unknown,12:59:46
GBlock_1F_DeanOffice,6,28:24:ff:94:aa:fd,-80,ClickShare-ENC113,12:59:54
GBlock_1F_DeanOffice,6,e4:c3:2a:85:e7:5b,-85,Ponnurangam-Fiaxell,12:59:54
GBlock_1F_DeanOffice,6,04:bd:88:27:4a:40,-85,airuc-guest,12:59:54
GBlock_1F_DeanOffice,7,28:24:ff:94:aa:fd,-82,ClickShare-ENC113,13:00:00
GBlock_1F_DeanOffice,7,84:d4:7e:ef:3f:c0,-83,airuc-guest,13:00:00
GBlock_1F_DeanOffice,7,84:d4:7e:ef:3f:c2,-81,eduroam,13:00:00
GBlock_1F_DeanOffice,7,00:06:66:9c:53:09,-78,WiFly-EZX-09,13:00:01
GBlock_1F_DeanOffice,7,e4:c3:2a:85:e7:5b,-85,Ponnurangam-Fiaxell,13:00:01
GBlock_1F_DeanOffice,7,04:bd:88:27:4a:40,-88,airuc-guest,13:00:01
GBlock_1F_DeanOffice,7,84:d4:7e:e6:e8:42,-84,eduroam,13:00:01
GBlock_1F_DeanOffice,7,84:d4:7e:e6:e8:41,-85,airuc-secure,13:00:01
GBlock_1F_DeanOffice,8,28:24:ff:94:aa:fd,-80,ClickShare-ENC113,13:00:09
GBlock_1F_DeanOffice,8,00:06:66:9c:53:09,-72,WiFly-EZX-09,13:00:09
GBlock_1F_DeanOffice,8,84:d4:7e:ef:3f:c0,-81,airuc-guest,13:00:09
GBlock_1F_DeanOffice,8,e4:c3:2a:85:e7:5b,-80,Ponnurangam-Fiaxell,13:00:09
GBlock_1F_DeanOffice,8,04:bd:88:27:4a:42,-86,eduroam,13:00:09
GBlock_1F_DeanOffice,8,04:bd:88:27:4a:40,-87,airuc-guest,13:00:09
GBlock_1F_DeanOffice,9,28:24:ff:94:aa:fd,-80,ClickShare-ENC113,13:00:16
GBlock_1F_DeanOffice,9,00:06:66:9c:53:09,-67,WiFly-EZX-09,13:00:16
GBlock_1F_DeanOffice,9,84:d4:7e:ef:3f:c0,-81,airuc-guest,13:00:16
GBlock_1F_DeanOffice,9,e4:c3:2a:85:e7:5b,-74,Ponnurangam-Fiaxell,13:00:16
GBlock_1F_DeanOffice,9,84:d4:7e:e6:e8:40,-86,airuc-guest,13:00:16
GBlock_1F_DeanOffice,9,04:bd:88:27:4f:20,-87,airuc-guest,13:00:16
GBlock_1F_DeanOffice,9,84:d4:7e:e6:e8:41,-88,airuc-secure,13:00:16
GBlock_1F_DeanOffice,9,84:d4:7e:e6:e8:42,-85,eduroam,13:00:16
GBlock_1F_DeanOffice,9,ea:c3:2a:85:e7:5b,-75,Unknown,13:00:17
EBlock_3F_ENE329,0,f4:2e:7f:4f:16:c0,-50,airuc-guest,12:48:35
EBlock_3F_ENE329,0,f4:2e:7f:4f:16:c1,-49,airuc-secure,12:48:35
EBlock_3F_ENE329,0,f4:2e:7f:4f:16:c2,-49,eduroam,12:48:35
EBlock_3F_ENE329,0,00:06:66:9c:53:09,-58,WiFly-EZX-09,12:48:35
EBlock_3F_ENE329,0,f4:2e:7f:4f:28:20,-81,airuc-guest,12:48:35
EBlock_3F_ENE329,0,f4:2e:7f:4f:77:c0,-82,airuc-guest,12:48:35
EBlock_3F_ENE329,0,f4:2e:7f:4f:39:22,-83,eduroam,12:48:35
EBlock_3F_ENE329,0,f4:2e:7f:4f:28:21,-83,airuc-secure,12:48:35
EBlock_3F_ENE329,0,f4:2e:7f:4f:28:22,-83,eduroam,12:48:35
EBlock_3F_ENE329,1,f4:2e:7f:4f:16:c0,-54,airuc-guest,12:48:43
EBlock_3F_ENE329,1,f4:2e:7f:4f:16:c1,-51,airuc-secure,12:48:43
EBlock_3F_ENE329,1,f4:2e:7f:4f:16:c2,-52,eduroam,12:48:43
EBlock_3F_ENE329,1,84:d4:7e:ef:3b:80,-86,airuc-guest,12:48:43
EBlock_3F_ENE329,1,00:06:66:9c:53:09,-76,WiFly-EZX-09,12:48:43
EBlock_3F_ENE329,1,f4:2e:7f:4f:77:c0,-80,airuc-guest,12:48:43
EBlock_3F_ENE329,1,f4:2e:7f:4f:77:c1,-80,airuc-secure,12:48:43
EBlock_3F_ENE329,1,f4:2e:7f:4f:77:c2,-80,eduroam,12:48:43
EBlock_3F_ENE329,1,f4:2e:7f:4f:39:22,-87,eduroam,12:48:43
EBlock_3F_ENE329,1,f4:2e:7f:4f:39:20,-81,airuc-guest,12:48:43
EBlock_3F_ENE329,1,f4:2e:7f:4f:39:21,-82,airuc-secure,12:48:43
EBlock_3F_ENE329,1,f4:2e:7f:4f:28:20,-86,airuc-guest,12:48:43
EBlock_3F_ENE329,2,f4:2e:7f:4f:16:c0,-56,airuc-guest,12:48:51
EBlock_3F_ENE329,2,f4:2e:7f:4f:16:c1,-54,airuc-secure,12:48:51
EBlock_3F_ENE329,2,f4:2e:7f:4f:16:c2,-56,eduroam,12:48:51
EBlock_3F_ENE329,2,f4:2e:7f:4f:d8:80,-85,airuc-guest,12:48:51
EBlock_3F_ENE329,2,f4:2e:7f:4f:28:20,-84,airuc-guest,12:48:51
EBlock_3F_ENE329,2,f4:2e:7f:4f:77:c0,-80,airuc-guest,12:48:51
EBlock_3F_ENE329,2,f4:2e:7f:4f:77:c1,-81,airuc-secure,12:48:51
EBlock_3F_ENE329,2,f4:2e:7f:4f:39:22,-85,eduroam,12:48:51
EBlock_3F_ENE329,3,f4:2e:7f:4f:16:c0,-55,airuc-guest,12:48:58
EBlock_3F_ENE329,3,f4:2e:7f:4f:16:c1,-55,airuc-secure,12:48:58
EBlock_3F_ENE329,3,f4:2e:7f:4f:16:c2,-55,eduroam,12:48:59
EBlock_3F_ENE329,3,f4:2e:7f:4f:77:c1,-80,airuc-secure,12:48:59
EBlock_3F_ENE329,3,f4:2e:7f:4f:77:c2,-80,eduroam,12:48:59
EBlock_3F_ENE329,3,f4:2e:7f:4f:39:20,-85,airuc-guest,12:48:59
EBlock_3F_ENE329,3,f4:2e:7f:4f:39:21,-87,airuc-secure,12:48:59
EBlock_3F_ENE329,3,f4:2e:7f:4f:28:20,-86,airuc-guest,12:48:59
EBlock_3F_ENE329,3,f4:2e:7f:4f:77:c0,-80,airuc-guest,12:48:59
EBlock_3F_ENE329,3,f4:2e:7f:4f:28:21,-86,airuc-secure,12:48:59
EBlock_3F_ENE329,4,f4:2e:7f:4f:16:c0,-59,airuc-guest,12:49:06
EBlock_3F_ENE329,4,f4:2e:7f:4f:16:c1,-58,airuc-secure,12:49:06
EBlock_3F_ENE329,4,f4:2e:7f:4f:16:c2,-59,eduroam,12:49:06
EBlock_3F_ENE329,4,b8:76:3f:33:d0:e2,-87,HP-Print-e2-LaserJet 300,12:49:07
EBlock_3F_ENE329,4,f4:2e:7f:4f:77:c0,-81,airuc-guest,12:49:07
EBlock_3F_ENE329,4,f4:2e:7f:4f:39:20,-85,airuc-guest,12:49:07
EBlock_3F_ENE329,4,f4:2e:7f:4f:39:21,-85,airuc-secure,12:49:07
EBlock_3F_ENE329,4,f4:2e:7f:4f:39:22,-83,eduroam,12:49:07
EBlock_3F_ENE329,5,f4:2e:7f:4f:16:c0,-54,airuc-guest,12:49:14
EBlock_3F_ENE329,5,f4:2e:7f:4f:16:c1,-54,airuc-secure,12:49:14
EBlock_3F_ENE329,5,f4:2e:7f:4f:16:c2,-54,eduroam,12:49:14
EBlock_3F_ENE329,5,f4:2e:7f:4f:77:c0,-85,airuc-guest,12:49:14
EBlock_3F_ENE329,5,f4:2e:7f:4f:77:c2,-83,eduroam,12:49:14
EBlock_3F_ENE329,5,f4:2e:7f:4f:39:20,-88,airuc-guest,12:49:14
EBlock_3F_ENE329,6,f4:2e:7f:4f:16:c0,-54,airuc-guest,12:49:21
EBlock_3F_ENE329,6,f4:2e:7f:4f:16:c1,-54,airuc-secure,12:49:21
EBlock_3F_ENE329,6,f4:2e:7f:4f:16:c2,-55,eduroam,12:49:21
EBlock_3F_ENE329,6,f4:2e:7f:4f:28:20,-86,airuc-guest,12:49:21
EBlock_3F_ENE329,6,f4:2e:7f:4f:39:20,-79,airuc-guest,12:49:21
EBlock_3F_ENE329,6,f4:2e:7f:4f:39:22,-78,eduroam,12:49:21
EBlock_3F_ENE329,6,f4:2e:7f:4f:77:c1,-82,airuc-secure,12:49:21
EBlock_3F_ENE329,7,f4:2e:7f:4f:16:c0,-45,airuc-guest,12:49:28
EBlock_3F_ENE329,7,f4:2e:7f:4f:16:c1,-46,airuc-secure,12:49:28
EBlock_3F_ENE329,7,f4:2e:7f:4f:16:c2,-45,eduroam,12:49:28
EBlock_3F_ENE329,7,f4:2e:7f:4f:77:c0,-84,airuc-guest,12:49:28
EBlock_3F_ENE329,7,f4:2e:7f:4f:77:c1,-85,airuc-secure,12:49:28
EBlock_3F_ENE329,7,f4:2e:7f:4f:77:c2,-84,eduroam,12:49:28
EBlock_3F_ENE329,7,f4:2e:7f:4f:39:22,-80,eduroam,12:49:28
EBlock_3F_ENE329,8,f4:2e:7f:4f:16:c0,-49,airuc-guest,12:49:34
EBlock_3F_ENE329,8,f4:2e:7f:4f:16:c1,-49,airuc-secure,12:49:35
EBlock_3F_ENE329,8,f4:2e:7f:4f:16:c2,-49,eduroam,12:49:35
EBlock_3F_ENE329,8,f4:2e:7f:4f:39:20,-83,airuc-guest,12:49:35
EBlock_3F_ENE329,9,f4:2e:7f:4f:16:c0,-50,airuc-guest,12:49:41
EBlock_3F_ENE329,9,f4:2e:7f:4f:16:c1,-49,airuc-secure,12:49:41
EBlock_3F_ENE329,9,f4:2e:7f:4f:16:c2,-49,eduroam,12:49:41
EBlock_3F_ENE329,9,f4:2e:7f:4f:28:20,-86,airuc-guest,12:49:41
EBlock_3F_ENE329,9,f4:2e:7f:4f:39:22,-84,eduroam,12:49:41
EBlock_1F_ENE131,0,f4:2e:7f:4f:98:22,-65,Unknown,12:41:04
EBlock_1F_ENE131,1,f4:2e:7f:4f:7a:80,-82,airuc-guest,12:41:09
EBlock_1F_ENE131,1,f4:2e:7f:4f:9d:e0,-82,airuc-guest,12:41:09
EBlock_1F_ENE131,1,f4:2e:7f:4f:9d:e2,-81,eduroam,12:41:09
EBlock_1F_ENE131,1,00:06:66:9c:47:37,-69,WiFly-EZX-37,12:41:10
EBlock_1F_ENE131,1,00:06:66:9c:53:09,-82,WiFly-EZX-09,12:41:10
EBlock_1F_ENE131,1,f4:2e:7f:4f:1d:00,-86,airuc-guest,12:41:10
EBlock_1F_ENE131,1,f4:2e:7f:4f:98:20,-62,airuc-guest,12:41:10
EBlock_1F_ENE131,1,f4:2e:7f:4f:98:21,-61,airuc-secure,12:41:10
EBlock_1F_ENE131,1,f4:2e:7f:4f:98:22,-62,eduroam,12:41:10
EBlock_1F_ENE131,1,f4:2e:7f:4f:77:c0,-74,airuc-guest,12:41:10
EBlock_1F_ENE131,1,f4:2e:7f:4f:67:c0,-80,airuc-guest,12:41:10
EBlock_1F_ENE131,1,f4:2e:7f:4f:77:c1,-73,airuc-secure,12:41:10
EBlock_1F_ENE131,1,f4:2e:7f:4f:67:c1,-79,airuc-secure,12:41:10
EBlock_1F_ENE131,1,f4:2e:7f:4f:77:c2,-73,eduroam,12:41:10
EBlock_1F_ENE131,1,f4:2e:7f:4f:67:c2,-80,eduroam,12:41:10
EBlock_1F_ENE131,2,f4:2e:7f:4f:7a:80,-82,airuc-guest,12:41:44
EBlock_1F_ENE131,2,f4:2e:7f:4f:7a:82,-83,eduroam,12:41:44
EBlock_1F_ENE131,2,f4:2e:7f:4f:9d:e0,-79,airuc-guest,12:41:44
EBlock_1F_ENE131,2,f4:2e:7f:4f:9d:e2,-78,eduroam,12:41:44
EBlock_1F_ENE131,2,00:06:66:9c:47:37,-67,WiFly-EZX-37,12:41:44
EBlock_1F_ENE131,2,f4:2e:7f:4f:9d:e1,-77,airuc-secure,12:41:44
EBlock_1F_ENE131,2,f4:2e:7f:4f:98:20,-61,airuc-guest,12:41:44
EBlock_1F_ENE131,2,f4:2e:7f:4f:98:21,-61,airuc-secure,12:41:44
EBlock_1F_ENE131,2,f4:2e:7f:4f:98:22,-60,eduroam,12:41:44
EBlock_1F_ENE131,2,f4:2e:7f:4f:77:c0,-76,airuc-guest,12:41:44
EBlock_1F_ENE131,2,f4:2e:7f:4f:77:c1,-76,airuc-secure,12:41:44
EBlock_1F_ENE131,2,f4:2e:7f:4f:77:c2,-75,eduroam,12:41:44
EBlock_1F_ENE131,2,f4:2e:7f:4f:67:c2,-84,eduroam,12:41:45
EBlock_1F_ENE131,2,f4:2e:7f:4f:67:c0,-84,airuc-guest,12:41:45
EBlock_1F_ENE131,2,f4:2e:7f:4f:67:c1,-82,airuc-secure,12:41:45
EBlock_1F_ENE131,3,f4:2e:7f:4f:9d:e2,-74,eduroam,12:41:55
EBlock_1F_ENE131,3,f4:2e:7f:4f:7a:80,-77,airuc-guest,12:41:55
EBlock_1F_ENE131,3,f4:2e:7f:4f:7a:81,-78,airuc-secure,12:41:55
EBlock_1F_ENE131,3,f4:2e:7f:4f:7a:82,-77,eduroam,12:41:55
EBlock_1F_ENE131,3,f4:2e:7f:4f:86:c0,-86,airuc-guest,12:41:55
EBlock_1F_ENE131,3,f4:2e:7f:4f:9d:e0,-75,airuc-guest,12:41:55
EBlock_1F_ENE131,3,f4:2e:7f:4f:9d:e1,-74,airuc-secure,12:41:55
EBlock_1F_ENE131,3,f4:2e:7f:4f:98:20,-66,airuc-guest,12:41:55
EBlock_1F_ENE131,3,f4:2e:7f:4f:98:21,-66,airuc-secure,12:41:55
EBlock_1F_ENE131,3,f4:2e:7f:4f:98:22,-66,eduroam,12:41:55
EBlock_1F_ENE131,3,f4:2e:7f:4f:67:c0,-76,airuc-guest,12:41:55
EBlock_1F_ENE131,3,f4:2e:7f:4f:77:c1,-75,airuc-secure,12:41:55
EBlock_1F_ENE131,3,f4:2e:7f:4f:67:c1,-75,airuc-secure,12:41:55
EBlock_1F_ENE131,3,f4:2e:7f:4f:77:c0,-76,airuc-guest,12:41:56
EBlock_1F_ENE131,3,f4:2e:7f:4f:77:c2,-75,eduroam,12:41:56
EBlock_1F_ENE131,4,f4:2e:7f:4f:7a:80,-79,airuc-guest,12:42:04
EBlock_1F_ENE131,4,f4:2e:7f:4f:9d:e1,-78,airuc-secure,12:42:04
EBlock_1F_ENE131,4,f4:2e:7f:4f:9d:e2,-79,eduroam,12:42:05
EBlock_1F_ENE131,4,f4:2e:7f:4f:7a:81,-77,airuc-secure,12:42:05
EBlock_1F_ENE131,4,f4:2e:7f:4f:1d:02,-84,eduroam,12:42:05
EBlock_1F_ENE131,4,00:06:66:9c:47:37,-57,WiFly-EZX-37,12:42:05
EBlock_1F_ENE131,4,f4:2e:7f:4f:7a:82,-77,eduroam,12:42:05
EBlock_1F_ENE131,4,f4:2e:7f:4f:98:20,-67,airuc-guest,12:42:05
EBlock_1F_ENE131,4,f4:2e:7f:4f:98:21,-67,airuc-secure,12:42:05
EBlock_1F_ENE131,4,f4:2e:7f:4f:98:22,-67,eduroam,12:42:05
EBlock_1F_ENE131,4,f4:2e:7f:4f:77:c0,-74,airuc-guest,12:42:05
EBlock_1F_ENE131,4,f4:2e:7f:4f:67:c1,-78,airuc-secure,12:42:05
EBlock_1F_ENE131,4,f4:2e:7f:4f:77:c1,-74,airuc-secure,12:42:05
EBlock_1F_ENE131,4,f4:2e:7f:4f:77:c2,-74,eduroam,12:42:05
EBlock_1F_ENE131,4,f4:2e:7f:4f:67:c2,-79,eduroam,12:42:05
EBlock_1F_ENE131,4,f4:2e:7f:4f:67:c0,-79,airuc-guest,12:42:05
EBlock_1F_ENE131,5,f4:2e:7f:4f:7a:80,-77,airuc-guest,12:42:14
EBlock_1F_ENE131,5,f4:2e:7f:4f:1d:00,-80,airuc-guest,12:42:14
EBlock_1F_ENE131,5,f4:2e:7f:4f:1d:01,-80,airuc-secure,12:42:14
EBlock_1F_ENE131,5,f4:2e:7f:4f:1d:02,-80,eduroam,12:42:15
EBlock_1F_ENE131,5,f4:2e:7f:4f:7a:82,-75,eduroam,12:42:15
EBlock_1F_ENE131,5,f4:2e:7f:4f:54:80,-86,airuc-guest,12:42:15
EBlock_1F_ENE131,5,f4:2e:7f:4f:9d:e0,-78,airuc-guest,12:42:15
EBlock_1F_ENE131,5,f4:2e:7f:4f:9d:e1,-77,airuc-secure,12:42:15
EBlock_1F_ENE131,5,00:06:66:9c:47:37,-58,WiFly-EZX-37,12:42:15
EBlock_1F_ENE131,5,f4:2e:7f:4f:9d:e2,-78,eduroam,12:42:15
EBlock_1F_ENE131,5,f4:2e:7f:4f:8c:c0,-80,airuc-guest,12:42:15
EBlock_1F_ENE131,5,f4:2e:7f:4f:98:20,-61,airuc-guest,12:42:15
EBlock_1F_ENE131,5,f4:2e:7f:4f:8c:c2,-80,eduroam,12:42:15
EBlock_1F_ENE131,5,f4:2e:7f:4f:98:21,-61,airuc-secure,12:42:15
EBlock_1F_ENE131,5,f4:2e:7f:4f:98:22,-61,eduroam,12:42:15
EBlock_1F_ENE131,5,f4:2e:7f:4f:8c:c1,-81,airuc-secure,12:42:15
EBlock_1F_ENE131,5,f4:2e:7f:4f:67:c0,-73,airuc-guest,12:42:15
EBlock_1F_ENE131,5,f4:2e:7f:4f:67:c2,-73,eduroam,12:42:15
EBlock_1F_ENE131,5,f4:2e:7f:4f:67:c1,-74,airuc-secure,12:42:15
EBlock_1F_ENE131,5,f4:2e:7f:4f:77:c0,-74,airuc-guest,12:42:15
EBlock_1F_ENE131,5,f4:2e:7f:4f:77:c1,-74,airuc-secure,12:42:16
EBlock_1F_ENE131,5,f4:2e:7f:4f:77:c2,-74,eduroam,12:42:16
EBlock_1F_ENE131,5,f4:2e:7f:4f:67:00,-86,airuc-guest,12:42:16
EBlock_1F_ENE131,6,f4:2e:7f:4f:7a:80,-74,airuc-guest,12:42:26
EBlock_1F_ENE131,6,f4:2e:7f:4f:86:c1,-83,airuc-secure,12:42:26
EBlock_1F_ENE131,6,f4:2e:7f:4f:9d:e1,-76,airuc-secure,12:42:26
EBlock_1F_ENE131,6,f4:2e:7f:4f:9d:e2,-77,eduroam,12:42:26
EBlock_1F_ENE131,6,f4:2e:7f:4f:9d:e0,-77,airuc-guest,12:42:26
EBlock_1F_ENE131,6,00:06:66:9c:47:37,-55,WiFly-EZX-37,12:42:27
EBlock_1F_ENE131,6,f4:2e:7f:4f:7a:81,-79,airuc-secure,12:42:27
EBlock_1F_ENE131,6,f4:2e:7f:4f:7a:82,-77,eduroam,12:42:27
EBlock_1F_ENE131,6,f4:2e:7f:4f:86:c0,-85,airuc-guest,12:42:27
EBlock_1F_ENE131,6,f4:2e:7f:4f:8d:20,-78,airuc-guest,12:42:27
EBlock_1F_ENE131,6,f4:2e:7f:4f:8d:21,-79,airuc-secure,12:42:27
EBlock_1F_ENE131,6,f4:2e:7f:4f:8d:22,-79,eduroam,12:42:27
EBlock_1F_ENE131,6,f4:2e:7f:4f:98:20,-62,airuc-guest,12:42:27
EBlock_1F_ENE131,6,f4:2e:7f:4f:98:21,-62,airuc-secure,12:42:27
EBlock_1F_ENE131,6,f4:2e:7f:4f:98:22,-62,eduroam,12:42:27
EBlock_1F_ENE131,6,f4:2e:7f:4f:67:c0,-77,airuc-guest,12:42:27
EBlock_1F_ENE131,6,f4:2e:7f:4f:77:c0,-77,airuc-guest,12:42:27
EBlock_1F_ENE131,6,f4:2e:7f:4f:67:c1,-76,airuc-secure,12:42:27
EBlock_1F_ENE131,6,f4:2e:7f:4f:77:c1,-75,airuc-secure,12:42:27
EBlock_1F_ENE131,6,f4:2e:7f:4f:77:c2,-76,eduroam,12:42:27
EBlock_1F_ENE131,6,f4:2e:7f:4f:67:c2,-76,eduroam,12:42:27
EBlock_1F_ENE131,7,f4:2e:7f:4f:7a:81,-73,airuc-secure,12:42:37
EBlock_1F_ENE131,7,f4:2e:7f:4f:9d:e1,-74,airuc-secure,12:42:37
EBlock_1F_ENE131,7,f4:2e:7f:4f:9d:e2,-74,eduroam,12:42:37
EBlock_1F_ENE131,7,f4:2e:7f:4f:86:c1,-85,airuc-secure,12:42:37
EBlock_1F_ENE131,7,00:06:66:9c:47:37,-54,WiFly-EZX-37,12:42:37
EBlock_1F_ENE131,7,f4:2e:7f:4f:7a:80,-73,airuc-guest,12:42:37
EBlock_1F_ENE131,7,f4:2e:7f:4f:54:80,-87,airuc-guest,12:42:38
EBlock_1F_ENE131,7,f4:2e:7f:4f:9d:e0,-74,airuc-guest,12:42:38
EBlock_1F_ENE131,7,f4:2e:7f:4f:86:c0,-85,airuc-guest,12:42:38
EBlock_1F_ENE131,7,f4:2e:7f:4f:7a:82,-73,eduroam,12:42:38
EBlock_1F_ENE131,7,f4:2e:7f:4f:98:20,-61,airuc-guest,12:42:38
EBlock_1F_ENE131,7,f4:2e:7f:4f:8d:20,-78,airuc-guest,12:42:38
EBlock_1F_ENE131,7,f4:2e:7f:4f:8d:21,-79,airuc-secure,12:42:38
EBlock_1F_ENE131,7,f4:2e:7f:4f:8d:22,-80,eduroam,12:42:38
EBlock_1F_ENE131,7,f4:2e:7f:4f:98:21,-62,airuc-secure,12:42:38
EBlock_1F_ENE131,7,f4:2e:7f:4f:98:22,-62,eduroam,12:42:38
EBlock_1F_ENE131,7,f4:2e:7f:4f:8c:c0,-79,airuc-guest,12:42:38
EBlock_1F_ENE131,7,f4:2e:7f:4f:8c:c1,-80,airuc-secure,12:42:38
EBlock_1F_ENE131,7,f4:2e:7f:4f:8c:c2,-80,eduroam,12:42:38
EBlock_1F_ENE131,7,f4:2e:7f:4f:77:c0,-77,airuc-guest,12:42:38
EBlock_1F_ENE131,7,f4:2e:7f:4f:77:c2,-77,eduroam,12:42:38
EBlock_1F_ENE131,7,f4:2e:7f:4f:67:c1,-80,airuc-secure,12:42:38
EBlock_1F_ENE131,7,f4:2e:7f:4f:67:c2,-80,eduroam,12:42:39
EBlock_1F_ENE131,7,f4:2e:7f:4f:77:c1,-77,airuc-secure,12:42:39
EBlock_1F_ENE131,7,f4:2e:7f:4f:67:c0,-80,airuc-guest,12:42:39
EBlock_1F_ENE131,8,f4:2e:7f:4f:7a:80,-75,airuc-guest,12:42:50
EBlock_1F_ENE131,8,f4:2e:7f:4f:7a:81,-75,airuc-secure,12:42:50
EBlock_1F_ENE131,8,f4:2e:7f:4f:7a:82,-75,eduroam,12:42:50
EBlock_1F_ENE131,8,00:06:66:9c:47:37,-53,WiFly-EZX-37,12:42:50
EBlock_1F_ENE131,8,f4:2e:7f:4f:9d:e0,-77,airuc-guest,12:42:50
EBlock_1F_ENE131,8,f4:2e:7f:4f:9d:e1,-78,airuc-secure,12:42:50
EBlock_1F_ENE131,8,f4:2e:7f:4f:9d:e2,-78,eduroam,12:42:50
EBlock_1F_ENE131,8,f4:2e:7f:4f:98:20,-61,airuc-guest,12:42:50
EBlock_1F_ENE131,8,f4:2e:7f:4f:98:21,-61,airuc-secure,12:42:50
EBlock_1F_ENE131,8,f4:2e:7f:4f:98:22,-60,eduroam,12:42:50
EBlock_1F_ENE131,8,f4:2e:7f:4f:77:c0,-80,airuc-guest,12:42:50
EBlock_1F_ENE131,8,f4:2e:7f:4f:77:c2,-78,eduroam,12:42:50
EBlock_1F_ENE131,8,f4:2e:7f:4f:67:c0,-78,airuc-guest,12:42:51
EBlock_1F_ENE131,8,f4:2e:7f:4f:67:c1,-78,airuc-secure,12:42:51
EBlock_1F_ENE131,8,f4:2e:7f:4f:67:c2,-79,eduroam,12:42:51
EBlock_1F_ENE131,8,f4:2e:7f:4f:77:c1,-78,airuc-secure,12:42:51
EBlock_1F_ENE131,9,f4:2e:7f:4f:9d:e0,-71,airuc-guest,12:43:00
EBlock_1F_ENE131,9,f4:2e:7f:4f:9d:e1,-71,airuc-secure,12:43:00
EBlock_1F_ENE131,9,f4:2e:7f:4f:9d:e2,-71,eduroam,12:43:00
EBlock_1F_ENE131,9,f4:2e:7f:4f:86:c2,-84,eduroam,12:43:00
EBlock_1F_ENE131,9,f4:2e:7f:4f:7a:80,-78,airuc-guest,12:43:00
EBlock_1F_ENE131,9,f4:2e:7f:4f:7a:82,-79,eduroam,12:43:00
EBlock_1F_ENE131,9,00:06:66:9c:47:37,-69,WiFly-EZX-37,12:43:00
EBlock_1F_ENE131,9,f4:2e:7f:4f:54:80,-86,airuc-guest,12:43:00
EBlock_1F_ENE131,9,f4:2e:7f:4f:86:c0,-80,airuc-guest,12:43:00
EBlock_1F_ENE131,9,f4:2e:7f:4f:86:c1,-80,airuc-secure,12:43:00
EBlock_1F_ENE131,9,f4:2e:7f:4f:7a:81,-77,airuc-secure,12:43:01
EBlock_1F_ENE131,9,f4:2e:7f:4f:8c:c0,-77,airuc-guest,12:43:01
EBlock_1F_ENE131,9,f4:2e:7f:4f:98:20,-67,airuc-guest,12:43:01
EBlock_1F_ENE131,9,f4:2e:7f:4f:8c:c2,-79,eduroam,12:43:01
EBlock_1F_ENE131,9,f4:2e:7f:4f:98:21,-66,airuc-secure,12:43:01
EBlock_1F_ENE131,9,f4:2e:7f:4f:8d:20,-79,airuc-guest,12:43:01
EBlock_1F_ENE131,9,f4:2e:7f:4f:8d:22,-79,eduroam,12:43:01
EBlock_1F_ENE131,9,f4:2e:7f:4f:98:22,-66,eduroam,12:43:01
EBlock_1F_ENE131,9,f4:2e:7f:4f:8d:21,-78,airuc-secure,12:43:01
EBlock_1F_ENE131,9,f4:2e:7f:4f:77:c0,-74,airuc-guest,12:43:01
EBlock_1F_ENE131,9,f4:2e:7f:4f:77:c2,-73,eduroam,12:43:01
EBlock_1F_ENE131,9,f4:2e:7f:4f:67:c2,-79,eduroam,12:43:01
EBlock_1F_ENE131,9,f4:2e:7f:4f:77:c1,-74,airuc-secure,12:43:01
EBlock_1F_ENE131,9,f4:2e:7f:4f:67:c0,-79,airuc-guest,12:43:01
EBlock_1F_ENE131,10,f4:2e:7f:4f:9d:e0,-75,airuc-guest,12:43:13
EBlock_1F_ENE131,10,00:06:66:9c:47:37,-52,WiFly-EZX-37,12:43:13
EBlock_1F_ENE131,10,f4:2e:7f:4f:9d:e2,-74,eduroam,12:43:13
EBlock_1F_ENE131,10,f4:2e:7f:4f:9d:e1,-74,airuc-secure,12:43:13
EBlock_1F_ENE131,10,f4:2e:7f:4f:86:c0,-84,airuc-guest,12:43:13
EBlock_1F_ENE131,10,f4:2e:7f:4f:86:c1,-83,airuc-secure,12:43:13
EBlock_1F_ENE131,10,f4:2e:7f:4f:86:c2,-83,eduroam,12:43:13
EBlock_1F_ENE131,10,f4:2e:7f:4f:1d:00,-82,airuc-guest,12:43:13
EBlock_1F_ENE131,10,f4:2e:7f:4f:7a:81,-77,airuc-secure,12:43:14
EBlock_1F_ENE131,10,f4:2e:7f:4f:98:20,-65,airuc-guest,12:43:14
EBlock_1F_ENE131,10,f4:2e:7f:4f:98:21,-64,airuc-secure,12:43:14
EBlock_1F_ENE131,10,f4:2e:7f:4f:98:22,-63,eduroam,12:43:14
EBlock_1F_ENE131,10,f4:2e:7f:4f:77:c0,-76,airuc-guest,12:43:14
EBlock_1F_ENE131,10,f4:2e:7f:4f:67:c0,-75,airuc-guest,12:43:14
EBlock_1F_ENE131,10,f4:2e:7f:4f:77:c1,-74,airuc-secure,12:43:14
EBlock_1F_ENE131,10,f4:2e:7f:4f:77:c2,-76,eduroam,12:43:14
EBlock_1F_ENE131,10,f4:2e:7f:4f:67:c1,-75,airuc-secure,12:43:14
EBlock_1F_ENE131,10,f4:2e:7f:4f:67:c2,-75,eduroam,12:43:14
